permit_type,permit_num,permit_class_mapped,permit_class,work_class,condominium,project_name,description,tcad_id,issued_date,calendar_year_issued,fiscal_year_issued,status_current,expires_date,completed_date,council_district,housing_units,number_of_floors,total_job_valuation,original_zip,jurisdiction,link,project_id,master_permit_num,contractor_company_name,contractor_phone,contractor_zip,applicant_organization,applicant_phone,certificate_of_occupancy,original_address_1
BP,2000-013118 BP,Commercial,C- 104 Three & Four Family Bldgs,New,No,4805 SINCLAIR AVE,Demo Existing Garage,0225030924,2021-02-04,2021,2021,Final,2022-02-02,2022-02-02,7,NA,NA,$44.00,78756,AUSTIN FULL PURPOSE,https://abc.austintexas.gov/web/permit/public-search-other?t_detail=1&t_selected_folderrsn=676601,676601,NA,Galbraith Construction Company (Main),5124476700,78759,NA,NA,No,4805 SINCLAIR AVE
BP,2004-004287 BP,Commercial,C- 104 Three & Four Family Bldgs,New,No,7800 Southwest Pkwy,New  Mail Building,0101380701,2004-10-06,2004,2005,Final,2005-08-01,2005-08-01,8,NA,2,"$31,620.00",78735,AUSTIN FULL PURPOSE,https://abc.austintexas.gov/web/permit/public-search-other?t_detail=1&t_selected_folderrsn=709625,709625,238579,Trammell Crow Residential,5124779900,78746,NA,NA,Yes,7800 SOUTHWEST PKWY BLDG 29
BP,2004-006664 BP,Commercial,C- 104 Three & Four Family Bldgs,New,No,54 Rainey St,New Shell Bldg W/Core Improvements & Unit Basics,0203031201,2004-06-08,2004,2004,Final,2006-07-13,2006-07-13,9,NA,18,"$18,980,000.00",78701,AUSTIN FULL PURPOSE,https://abc.austintexas.gov/web/permit/public-search-other?t_detail=1&t_selected_folderrsn=703346,703346,230388,Fairfield Residential,8178169400,NA,NA,NA,Yes,54 RAINEY ST
BP,2001-007206 BP,Commercial,C- 104 Three & Four Family Bldgs,New,No,2414 Pearl St,New Ancillary Bldg For Exist Frat House (3000sf)/Addition(958sf)/ Remodel Of Existing Fire Damaged Bldg(3000sf),0214010707,2001-08-07,2001,2001,Final,2002-02-14,2002-02-14,9,NA,NA,"$990,000.00",78705,AUSTIN FULL PURPOSE,https://abc.austintexas.gov/web/permit/public-search-other?t_detail=1&t_selected_folderrsn=683095,683095,187086,James Hollard Architect,5125772061,78703,NA,NA,Yes,2414 PEARL ST
BP,2000-019116 BP,Commercial,C- 104 Three & Four Family Bldgs,New,No,7655 N F M 620 Rd Building 13,Maintenence Building,0156300301,2000-09-26,2000,2000,Final,2001-08-30,2001-08-30,10,NA,NA,"$96,450.00",78726,AUSTIN FULL PURPOSE,https://abc.austintexas.gov/web/permit/public-search-other?t_detail=1&t_selected_folderrsn=671369,671369,165718,NA,NA,NA,NA,NA,Yes,7655 N FM 620 RD BLDG 13
BP,2000-014350 BP,Commercial,C- 104 Three & Four Family Bldgs,New,No,NA,New Clubhouse,0307110135,2000-10-12,2000,2001,Final,2001-07-06,2001-07-06,3,NA,1,"$651,200.00",78741,AUSTIN FULL PURPOSE,https://abc.austintexas.gov/web/permit/public-search-other?t_detail=1&t_selected_folderrsn=680302,680302,168076,Jpi,2145563752,75039-0,NA,NA,Yes,4600 ELMONT DR
BP,2000-019121 BP,Commercial,C- 104 Three & Four Family Bldgs,New,No,7655 N F M 620 Rd Building 21,Garage,0156300301,2000-09-26,2000,2000,Final,2001-09-11,2001-09-11,10,NA,NA,"$45,150.00",78726,AUSTIN FULL PURPOSE,https://abc.austintexas.gov/web/permit/public-search-other?t_detail=1&t_selected_folderrsn=671373,671373,165718,NA,NA,NA,NA,NA,Yes,7655 N FM 620 RD BLDG 21
BP,2000-002057 BP,Commercial,C- 104 Three & Four Family Bldgs,New,No,12443 Tech Ridge Blvd,New Carport,0256260102,2000-07-11,2000,2000,Final,2001-07-10,2001-07-10,1,NA,1,"$2,310.00",78753,AUSTIN FULL PURPOSE,https://abc.austintexas.gov/web/permit/public-search-other?t_detail=1&t_selected_folderrsn=675156,675156,166451,Westwood Residential Co.,2142370475,75034,NA,NA,Yes,12443 TECH RIDGE BLVD
BP,2001-013129 BP,Commercial,C- 104 Three & Four Family Bldgs,New,No,3615 Garden Villa La,New Manufactured Home W/Wd Decks,0407070417,2001-01-03,2001,2001,Final,2001-03-30,2001-03-30,3,NA,1,"$28,000.00",78704,AUSTIN FULL PURPOSE,https://abc.austintexas.gov/web/permit/public-search-other?t_detail=1&t_selected_folderrsn=680561,680561,NA,J B Trucking,5124519625,78752,NA,NA,No,916 SOUTH CENTER ST
BP,1999-015531 BP,Commercial,C- 104 Three & Four Family Bldgs,New,No,NA,New Sf Res,0141280301,1999-12-27,1999,2000,Final,2000-11-07,2000-11-07,10,NA,2,"$375,000.00",78730,AUSTIN LTD,https://abc.austintexas.gov/web/permit/public-search-other?t_detail=1&t_selected_folderrsn=670821,670821,164029,"Egger Homes, Inc.",5122479079,NA,NA,NA,Yes,4500 NOBLE HILL CT
BP,2000-001157 BP,Commercial,C- 104 Three & Four Family Bldgs,New,No,12443 Tech Ridge Blvd,New Carport,0256260102,2000-07-11,2000,2000,Final,2001-10-31,2001-10-31,1,NA,1,NA,78753,AUSTIN FULL PURPOSE,https://abc.austintexas.gov/web/permit/public-search-other?t_detail=1&t_selected_folderrsn=671942,671942,166451,Westwood Residential Co.,2142370475,75034,NA,NA,No,12443 TECH RIDGE BLVD
BP,2000-001153 BP,Commercial,C- 104 Three & Four Family Bldgs,New,No,12443 Tech Ridge Blvd,New Carport,0256260102,2000-07-11,2000,2000,Final,2001-07-10,2001-07-10,1,NA,1,NA,78753,AUSTIN FULL PURPOSE,https://abc.austintexas.gov/web/permit/public-search-other?t_detail=1&t_selected_folderrsn=671938,671938,166451,Westwood Residential Co.,2142370475,75034,NA,NA,No,12443 TECH RIDGE BLVD
BP,2000-001156 BP,Commercial,C- 104 Three & Four Family Bldgs,New,No,12443 Tech Ridge Blvd,New Carport,0256260102,2000-07-11,2000,2000,Final,2001-10-30,2001-10-30,1,NA,1,NA,78753,AUSTIN FULL PURPOSE,https://abc.austintexas.gov/web/permit/public-search-other?t_detail=1&t_selected_folderrsn=671941,671941,166451,Westwood Residential Co.,2142370475,75034,NA,NA,No,12443 TECH RIDGE BLVD
BP,2000-002060 BP,Commercial,C- 104 Three & Four Family Bldgs,New,No,12443 Tech Ridge Blvd,New Carport,0256260102,2000-07-11,2000,2000,Final,2001-08-03,2001-08-03,1,NA,1,NA,78753,AUSTIN FULL PURPOSE,https://abc.austintexas.gov/web/permit/public-search-other?t_detail=1&t_selected_folderrsn=675157,675157,166451,Westwood Residential Co.,2142370475,75034,NA,NA,No,12443 TECH RIDGE BLVD
BP,2000-001155 BP,Commercial,C- 104 Three & Four Family Bldgs,New,No,12443 Tech Ridge Blvd,New Carport,0256260102,2000-07-11,2000,2000,Final,2001-08-02,2001-08-02,1,NA,1,NA,78753,AUSTIN FULL PURPOSE,https://abc.austintexas.gov/web/permit/public-search-other?t_detail=1&t_selected_folderrsn=671940,671940,166451,Westwood Residential Co.,2142370475,75034,NA,NA,No,12443 TECH RIDGE BLVD
BP,2000-011267 BP,Commercial,C- 104 Three & Four Family Bldgs,New,No,12443 Tech Ridge Blvd,New Carport,0256260102,2000-07-11,2000,2000,Final,2001-07-10,2001-07-10,1,NA,1,"$1,980.00",78753,AUSTIN FULL PURPOSE,https://abc.austintexas.gov/web/permit/public-search-other?t_detail=1&t_selected_folderrsn=683023,683023,166451,Westwood Residential Co.,2142370475,75034,NA,NA,Yes,12443 TECH RIDGE BLVD
BP,2000-001158 BP,Commercial,C- 104 Three & Four Family Bldgs,New,No,12443 Tech Ridge Blvd,New Carport,0256260102,2000-07-11,2000,2000,Final,2001-10-12,2001-10-12,1,NA,1,NA,78753,AUSTIN FULL PURPOSE,https://abc.austintexas.gov/web/permit/public-search-other?t_detail=1&t_selected_folderrsn=671943,671943,166451,Westwood Residential Co.,2142370475,75034,NA,NA,Yes,12443 TECH RIDGE BLVD
BP,2000-008368 BP,Commercial,C- 104 Three & Four Family Bldgs,New,No,5400 W Parmer La,New Apt Club House,0268031101,2000-06-22,2000,2000,Final,2003-08-25,2003-08-25,6,NA,1,"$162,600.00",78727,AUSTIN FULL PURPOSE,https://abc.austintexas.gov/web/permit/public-search-other?t_detail=1&t_selected_folderrsn=664653,664653,162784,Hanover R.S. Construction LLC,7133443555,77056,NA,NA,Yes,5400 W PARMER LN
BP,2000-002063 BP,Commercial,C- 104 Three & Four Family Bldgs,New,No,12443 Tech Ridge Blvd,New Carport,0256260102,2000-07-11,2000,2000,Final,2001-10-12,2001-10-12,1,NA,1,NA,78753,AUSTIN FULL PURPOSE,https://abc.austintexas.gov/web/permit/public-search-other?t_detail=1&t_selected_folderrsn=675158,675158,166451,Westwood Residential Co.,2142370475,75034,NA,NA,No,12443 TECH RIDGE BLVD
BP,2000-005066 BP,Commercial,C- 104 Three & Four Family Bldgs,New,No,9805 Ullswater La,New 2stry Res W/Att Garage CovD Porch& UncovD Patio,0164190402,2000-04-04,2000,2000,Final,2000-09-12,2000-09-12,6,NA,2,"$132,800.00",78750,AUSTIN FULL PURPOSE,https://abc.austintexas.gov/web/permit/public-search-other?t_detail=1&t_selected_folderrsn=672494,672494,166030,D R Horton Homes,5125331445,78750,NA,NA,Yes,9805 ULLSWATER LN
BP,2000-004828 BP,Commercial,C- 104 Three & Four Family Bldgs,New,No,4001 Eagles Landing Cove,Convert Attic Into Living Space Only,0402210814,2000-03-30,2000,2000,Final,2000-08-18,2000-08-18,8,NA,NA,NA,78735,AUSTIN FULL PURPOSE,https://abc.austintexas.gov/web/permit/public-search-other?t_detail=1&t_selected_folderrsn=672382,672382,NA,Barkis Brothers,5128018667,78709,NA,NA,No,4001 EAGLES LANDING CV
BP,2000-004882 BP,Commercial,C- 104 Three & Four Family Bldgs,New,No,8700 Tallwood Dr,Adding 2nd Level To Create Master Suite&StudyRemodel Interior Of 1st Level,0247010212,2000-03-31,2000,2000,Final,2000-10-23,2000-10-23,10,NA,2,NA,78759,AUSTIN FULL PURPOSE,https://abc.austintexas.gov/web/permit/public-search-other?t_detail=1&t_selected_folderrsn=672404,672404,NA,Kent Roberts Company,5124515510,78731-0,NA,NA,No,8700 TALLWOOD DR
BP,2000-004820 BP,Commercial,C- 104 Three & Four Family Bldgs,New,No,2513 E   3rd St,Rebuild/Remodel Exst Dwelling Over Exst Piers Only,0202110207,2000-03-30,2000,2000,Final,2001-01-30,2001-01-30,3,NA,1,"$14,000.00",78702,AUSTIN FULL PURPOSE,https://abc.austintexas.gov/web/permit/public-search-other?t_detail=1&t_selected_folderrsn=672379,672379,NA,NA,NA,NA,NA,NA,No,2513 E 3RD ST UNIT 1
